<?xml version="1.0" encoding="UTF-8"?>
<web-app version="3.1" xmlns="http://xmlns.jcp.org/xml/ns/javaee" xmlns:xsi="http://www.w3.org/2001/XMLSchema-instance" xsi:schemaLocation="http://xmlns.jcp.org/xml/ns/javaee http://xmlns.jcp.org/xml/ns/javaee/web-app_3_1.xsd">
    <servlet>
        <servlet-name>BorrarUsuarioDoctor</servlet-name>
        <servlet-class>com.Controlador.BorrarUsuarioDoctor</servlet-class>
    </servlet>
    <servlet>
        <servlet-name>BorrarUsuarioPadre</servlet-name>
        <servlet-class>com.Controlador.BorrarUsuarioPadre</servlet-class>
    </servlet>
    <servlet>
        <servlet-name>CerrarSesion</servlet-name>
        <servlet-class>com.Controlador.CerrarSesion</servlet-class>
    </servlet>
    <servlet>
        <servlet-name>InicioSesion</servlet-name>
        <servlet-class>com.Controlador.InicioSesion</servlet-class>
    </servlet>
    <servlet>
        <servlet-name>RegistroMedico</servlet-name>
        <servlet-class>com.Controlador.RegistroMedico</servlet-class>
    </servlet>
    <servlet>
        <servlet-name>RegistroPadre</servlet-name>
        <servlet-class>com.Controlador.RegistroPadre</servlet-class>
    </servlet>
    <servlet>
        <servlet-name>AgregaCita</servlet-name>
        <servlet-class>com.Controlador.AgregaCita</servlet-class>
    </servlet>
    <servlet>
        <servlet-name>AgregarCamBB</servlet-name>
        <servlet-class>com.Controlador.AgregarCamBB</servlet-class>
    </servlet>
    <servlet>
        <servlet-name>AgregarCamEm</servlet-name>
        <servlet-class>com.Controlador.AgregarCamEm</servlet-class>
    </servlet>
    <servlet>
        <servlet-name>AgregarCitaDr</servlet-name>
        <servlet-class>com.Controlador.AgregarCitaDr</servlet-class>
    </servlet>
    <servlet>
        <servlet-name>AgregarPag</servlet-name>
        <servlet-class>com.Controlador.AgregarPag</servlet-class>
    </servlet>
    <servlet>
        <servlet-name>BorrarCamBB</servlet-name>
        <servlet-class>com.Controlador.BorrarCamBB</servlet-class>
    </servlet>
    <servlet>
        <servlet-name>BorrarCamEm</servlet-name>
        <servlet-class>com.Controlador.BorrarCamEm</servlet-class>
    </servlet>
    <servlet>
        <servlet-name>BorrarCita</servlet-name>
        <servlet-class>com.Controlador.BorrarCita</servlet-class>
    </servlet>
    <servlet>
        <servlet-name>BorrarCitaDr</servlet-name>
        <servlet-class>com.Controlador.BorrarCitaDr</servlet-class>
    </servlet>
    <servlet>
        <servlet-name>BorrarPag</servlet-name>
        <servlet-class>com.Controlador.BorrarPag</servlet-class>
    </servlet>
    <servlet>
        <servlet-name>DirecForo</servlet-name>
        <servlet-class>com.Controlador.DirecForo</servlet-class>
    </servlet>
    <servlet>
        <servlet-name>Evacuacion</servlet-name>
        <servlet-class>com.Controlador.Evacuacion</servlet-class>
    </servlet>
    <servlet>
        <servlet-name>ModCitaDr</servlet-name>
        <servlet-class>com.Controlador.ModCitaDr</servlet-class>
    </servlet>
    <servlet>
        <servlet-name>ModPag</servlet-name>
        <servlet-class>com.Controlador.ModPag</servlet-class>
    </servlet>
    <servlet>
        <servlet-name>ModifCita</servlet-name>
        <servlet-class>com.Controlador.ModifCita</servlet-class>
    </servlet>
    <servlet>
        <servlet-name>SintomasEm</servlet-name>
        <servlet-class>com.Controlador.SintomasEm</servlet-class>
    </servlet>
    <servlet>
        <servlet-name>Vac</servlet-name>
        <servlet-class>com.Controlador.Vac</servlet-class>
    </servlet>
    <servlet>
        <servlet-name>DirecForo2</servlet-name>
        <servlet-class>com.Controlador.DirecForo2</servlet-class>
    </servlet>
    <servlet>
        <servlet-name>RegistroSoporte</servlet-name>
        <servlet-class>com.Controlador.RegistroSoporte</servlet-class>
    </servlet>
    <servlet>
        <servlet-name>InicioSesionSoporte</servlet-name>
        <servlet-class>com.Controlador.InicioSesionSoporte</servlet-class>
    </servlet>
    <servlet>
        <servlet-name>CrearReporteUsr</servlet-name>
        <servlet-class>com.Controlador.CrearReporteUsr</servlet-class>
    </servlet>
    <servlet>
        <servlet-name>CrearEvSop</servlet-name>
        <servlet-class>com.Controlador.CrearEvSop</servlet-class>
    </servlet>
    <servlet>
        <servlet-name>CerrarReporte</servlet-name>
        <servlet-class>com.Controlador.CerrarReporte</servlet-class>
    </servlet>
    <servlet>
        <servlet-name>MantenimientoS</servlet-name>
        <servlet-class>com.Controlador.MantenimientoS</servlet-class>
    </servlet>
    <servlet>
        <servlet-name>SoporteSe</servlet-name>
        <servlet-class>com.Controlador.SoporteSe</servlet-class>
    </servlet>
    <servlet>
        <servlet-name>CrearEvMan</servlet-name>
        <servlet-class>com.Controlador.CrearEvMan</servlet-class>
    </servlet>
    <servlet>
        <servlet-name>CerrarMaS</servlet-name>
        <servlet-class>com.Controlador.CerrarMaS</servlet-class>
    </servlet>
    <servlet>
        <servlet-name>NuevaFAQ</servlet-name>
        <servlet-class>com.Controlador.NuevaFAQ</servlet-class>
    </servlet>
    <servlet>
        <servlet-name>CrearFAQEv</servlet-name>
        <servlet-class>com.Controlador.CrearFAQEv</servlet-class>
    </servlet>
    <servlet>
        <servlet-name>ModFAQ</servlet-name>
        <servlet-class>com.Controlador.ModFAQ</servlet-class>
    </servlet>
    <servlet>
        <servlet-name>BorrarFAQ</servlet-name>
        <servlet-class>com.Controlador.BorrarFAQ</servlet-class>
    </servlet>
    <servlet-mapping>
        <servlet-name>BorrarUsuarioDoctor</servlet-name>
        <url-pattern>/BorrarUsuarioDoctor</url-pattern>
    </servlet-mapping>
    <servlet-mapping>
        <servlet-name>BorrarUsuarioPadre</servlet-name>
        <url-pattern>/BorrarUsuarioPadre</url-pattern>
    </servlet-mapping>
    <servlet-mapping>
        <servlet-name>CerrarSesion</servlet-name>
        <url-pattern>/CerrarSesion</url-pattern>
    </servlet-mapping>
    <servlet-mapping>
        <servlet-name>InicioSesion</servlet-name>
        <url-pattern>/InicioSesion</url-pattern>
    </servlet-mapping>
    <servlet-mapping>
        <servlet-name>RegistroMedico</servlet-name>
        <url-pattern>/RegistroMedico</url-pattern>
    </servlet-mapping>
    <servlet-mapping>
        <servlet-name>RegistroPadre</servlet-name>
        <url-pattern>/RegistroPadre</url-pattern>
    </servlet-mapping>
    <servlet-mapping>
        <servlet-name>AgregaCita</servlet-name>
        <url-pattern>/AgregaCita</url-pattern>
    </servlet-mapping>
    <servlet-mapping>
        <servlet-name>AgregarCamBB</servlet-name>
        <url-pattern>/AgregarCamBB</url-pattern>
    </servlet-mapping>
    <servlet-mapping>
        <servlet-name>AgregarCamEm</servlet-name>
        <url-pattern>/AgregarCamEm</url-pattern>
    </servlet-mapping>
    <servlet-mapping>
        <servlet-name>AgregarCitaDr</servlet-name>
        <url-pattern>/AgregarCitaDr</url-pattern>
    </servlet-mapping>
    <servlet-mapping>
        <servlet-name>AgregarPag</servlet-name>
        <url-pattern>/AgregarPag</url-pattern>
    </servlet-mapping>
    <servlet-mapping>
        <servlet-name>BorrarCamBB</servlet-name>
        <url-pattern>/BorrarCamBB</url-pattern>
    </servlet-mapping>
    <servlet-mapping>
        <servlet-name>BorrarCamEm</servlet-name>
        <url-pattern>/BorrarCamEm</url-pattern>
    </servlet-mapping>
    <servlet-mapping>
        <servlet-name>BorrarCita</servlet-name>
        <url-pattern>/BorrarCita</url-pattern>
    </servlet-mapping>
    <servlet-mapping>
        <servlet-name>BorrarCitaDr</servlet-name>
        <url-pattern>/BorrarCitaDr</url-pattern>
    </servlet-mapping>
    <servlet-mapping>
        <servlet-name>BorrarPag</servlet-name>
        <url-pattern>/BorrarPag</url-pattern>
    </servlet-mapping>
    <servlet-mapping>
        <servlet-name>DirecForo</servlet-name>
        <url-pattern>/DirecForo</url-pattern>
    </servlet-mapping>
    <servlet-mapping>
        <servlet-name>Evacuacion</servlet-name>
        <url-pattern>/Evacuacion</url-pattern>
    </servlet-mapping>
    <servlet-mapping>
        <servlet-name>ModCitaDr</servlet-name>
        <url-pattern>/ModCitaDr</url-pattern>
    </servlet-mapping>
    <servlet-mapping>
        <servlet-name>ModPag</servlet-name>
        <url-pattern>/ModPag</url-pattern>
    </servlet-mapping>
    <servlet-mapping>
        <servlet-name>ModifCita</servlet-name>
        <url-pattern>/ModifCita</url-pattern>
    </servlet-mapping>
    <servlet-mapping>
        <servlet-name>SintomasEm</servlet-name>
        <url-pattern>/SintomasEm</url-pattern>
    </servlet-mapping>
    <servlet-mapping>
        <servlet-name>Vac</servlet-name>
        <url-pattern>/Vac</url-pattern>
    </servlet-mapping>
    <servlet-mapping>
        <servlet-name>DirecForo2</servlet-name>
        <url-pattern>/DirecForo2</url-pattern>
    </servlet-mapping>
    <servlet-mapping>
        <servlet-name>RegistroSoporte</servlet-name>
        <url-pattern>/RegistroSoporte</url-pattern>
    </servlet-mapping>
    <servlet-mapping>
        <servlet-name>InicioSesionSoporte</servlet-name>
        <url-pattern>/InicioSesionSoporte</url-pattern>
    </servlet-mapping>
    <servlet-mapping>
        <servlet-name>CrearReporteUsr</servlet-name>
        <url-pattern>/CrearReporteUsr</url-pattern>
    </servlet-mapping>
    <servlet-mapping>
        <servlet-name>CrearEvSop</servlet-name>
        <url-pattern>/CrearEvSop</url-pattern>
    </servlet-mapping>
    <servlet-mapping>
        <servlet-name>CerrarReporte</servlet-name>
        <url-pattern>/CerrarReporte</url-pattern>
    </servlet-mapping>
    <servlet-mapping>
        <servlet-name>MantenimientoS</servlet-name>
        <url-pattern>/MantenimientoS</url-pattern>
    </servlet-mapping>
    <servlet-mapping>
        <servlet-name>SoporteSe</servlet-name>
        <url-pattern>/SoporteSe</url-pattern>
    </servlet-mapping>
    <servlet-mapping>
        <servlet-name>CrearEvMan</servlet-name>
        <url-pattern>/CrearEvMan</url-pattern>
    </servlet-mapping>
    <servlet-mapping>
        <servlet-name>CerrarMaS</servlet-name>
        <url-pattern>/CerrarMaS</url-pattern>
    </servlet-mapping>
    <servlet-mapping>
        <servlet-name>NuevaFAQ</servlet-name>
        <url-pattern>/NuevaFAQ</url-pattern>
    </servlet-mapping>
    <servlet-mapping>
        <servlet-name>CrearFAQEv</servlet-name>
        <url-pattern>/CrearFAQEv</url-pattern>
    </servlet-mapping>
    <servlet-mapping>
        <servlet-name>ModFAQ</servlet-name>
        <url-pattern>/ModFAQ</url-pattern>
    </servlet-mapping>
    <servlet-mapping>
        <servlet-name>BorrarFAQ</servlet-name>
        <url-pattern>/BorrarFAQ</url-pattern>
    </servlet-mapping>
    <session-config>
        <session-timeout>
            30
        </session-timeout>
    </session-config>
</web-app>
